,title,herf
0,死亡漩渦：奪魂鋸新遊戲,http://www.atmovies.com.tw/movie/fsen10342730/
1,催魂頻率,http://www.atmovies.com.tw/movie/fhko42440900/
2,轉彎之後,http://www.atmovies.com.tw/movie/fncn49557590/
3,LIP X LIP享受這世界的方法,http://www.atmovies.com.tw/movie/fljp96429657/
4,綠色牢籠,http://www.atmovies.com.tw/movie/fgcn13879240/
5,相信黎明的到來,http://www.atmovies.com.tw/movie/ftjp13236202/
6,癡情馬殺雞,http://www.atmovies.com.tw/movie/fgcn59478552/
7,外遇遊戲,http://www.atmovies.com.tw/movie/frjp42436995/
8,失重青春,http://www.atmovies.com.tw/movie/flic47358598/
9,當男人戀愛時,http://www.atmovies.com.tw/movie/fmcn65357584/
10,聽見歌 再唱,http://www.atmovies.com.tw/movie/flcn54873390/
11,那些要我死的人,http://www.atmovies.com.tw/movie/ften73215824/
12,名偵探柯南：緋色的彈丸,http://www.atmovies.com.tw/movie/fdjp99329557/
13,如果雨之後,http://www.atmovies.com.tw/movie/fwkr59875461/
14,玩命鈔劫,http://www.atmovies.com.tw/movie/fwen11083552/
15,操控,http://www.atmovies.com.tw/movie/fyen22231874/
16,鬼護士,http://www.atmovies.com.tw/movie/fpen39314984/
17,永生戰,http://www.atmovies.com.tw/movie/fskr13316722/
18,死亡連鎖,http://www.atmovies.com.tw/movie/fien47397098/
19,惡水真相,http://www.atmovies.com.tw/movie/fmen49179096/
20,父親,http://www.atmovies.com.tw/movie/ffen10272386/
21,哥吉拉大戰金剛,http://www.atmovies.com.tw/movie/fgen75034838/
22,永遠的我們,http://www.atmovies.com.tw/movie/fsen11169050/
23,迴憶,http://www.atmovies.com.tw/movie/frkr26644886/
24,布吉闖籃關,http://www.atmovies.com.tw/movie/fben10896398/
